{"train/peak_mem": 3.474903106689453, "train/step_consumption": 160184.97276306152, "train/epoch": 0.03, "train/global_step": 2, "_timestamp": 1752504315.2032168, "_runtime": 339.9014587402344, "_step": 3, "peak_mem": 3.474903106689453, "step_consumption": 160184.97276306152}