{"train/peak_mem": 7.6103739738464355, "train/step_consumption": 47616.037130355835, "train/epoch": 0.02, "train/global_step": 1, "_timestamp": 1752238105.2951088, "_runtime": 63.27721571922302, "_step": 1, "peak_mem": 7.6103739738464355, "step_consumption": 47616.037130355835, "_wandb": {"runtime": 75}}