{"train/peak_mem": 7.537271022796631, "train/step_consumption": 1108.7980270385742, "train/epoch": 0.33, "train/global_step": 21, "_timestamp": 1752232276.3336143, "_runtime": 37.67794132232666, "_step": 43, "peak_mem": 7.537271022796631, "step_consumption": 1108.7980270385742, "train/loss": 3.1309, "train/learning_rate": 0.5, "_wandb": {"runtime": 37}}