{"train/peak_mem": 3.8011341094970703, "train/step_consumption": 292.6332950592041, "train/epoch": 2.08, "train/global_step": 131, "_timestamp": 1752456213.0790305, "_runtime": 63.02716040611267, "_step": 274, "peak_mem": 3.8011341094970703, "step_consumption": 292.6332950592041, "train/loss": 0.772, "train/learning_rate": 0.5, "_wandb": {"runtime": 62}}