{"train/peak_mem": 7.427903652191162, "train/step_consumption": 220.75676918029785, "train/epoch": 1.43, "train/global_step": 90, "_timestamp": 1752222662.8154821, "_runtime": 38.71808910369873, "_step": 188, "peak_mem": 7.427903652191162, "step_consumption": 220.75676918029785, "train/loss": 0.0, "train/learning_rate": 0.5, "_wandb": {"runtime": 37}}