{"train/peak_mem": 5.735334396362305, "train/step_consumption": 564.305305480957, "train/epoch": 0.37, "train/global_step": 23, "_timestamp": 1752238165.5538893, "_runtime": 30.20008635520935, "_step": 47, "peak_mem": 5.735334396362305, "step_consumption": 564.305305480957, "train/loss": 0.0, "train/learning_rate": 0.5, "_wandb": {"runtime": 29}}