{"train/peak_mem": 13.534343242645264, "train/step_consumption": 2291.355609893799, "train/epoch": 0.03, "train/global_step": 2, "_timestamp": 1752748235.0639098, "_runtime": 29.846701860427856, "_step": 3, "peak_mem": 13.534343242645264, "step_consumption": 2291.355609893799, "_wandb": {"runtime": 29}}