{"train/peak_mem": 7.537271022796631, "train/step_consumption": 1097.574234008789, "train/epoch": 0.33, "train/global_step": 21, "_timestamp": 1752232120.5650122, "_runtime": 37.00739932060242, "_step": 43, "peak_mem": 7.537271022796631, "step_consumption": 1097.574234008789, "train/loss": 3.1309, "train/learning_rate": 0.5, "_wandb": {"runtime": 36}}