{"train/peak_mem": 8.345207214355469, "train/step_consumption": 47527.530670166016, "train/epoch": 0.75, "train/global_step": 47, "_timestamp": 1752237361.4643047, "_runtime": 2249.5887756347656, "_step": 97, "peak_mem": 8.345207214355469, "step_consumption": 47527.530670166016, "train/loss": 0.0, "train/learning_rate": 0.5, "_wandb": {"runtime": 2255}}